{"_runtime":2,"RMSE":1.908693738653397,"R2":0.8223309734258276,"_timestamp":1.7774408598818753e+09,"_step":1,"MAE":1.4512974683544304,"Prediction Chart":{"height":600,"_type":"image-file","sha256":"d285bc22381eb8260f3b412ab55eaf4470ccdb3d077d6d8f88205df13bee4761","size":21474,"path":"media/images/Prediction Chart_1_d285bc22381eb8260f3b.png","format":"png","width":600},"_wandb":{"runtime":2}}