{"_wandb":{"runtime":0},"_runtime":0,"_step":1,"MAE":1.443461983362404,"RMSE":1.8962133037758724,"R2":0.824646837122081,"_timestamp":1.7774408755582922e+09,"Prediction Chart":{"sha256":"54e0e0a9170153675ab9561767810e289cd1b6ff8d249e6fe8df7e3779138bf2","size":22328,"path":"media/images/Prediction Chart_1_54e0e0a9170153675ab9.png","format":"png","width":600,"height":600,"_type":"image-file"}}