{"R2":0.7996699305267785,"_timestamp":1.7774408712463336e+09,"Prediction Chart":{"size":21502,"path":"media/images/Prediction Chart_1_420fec36ed31fdbc9f32.png","format":"png","width":600,"height":600,"_type":"image-file","sha256":"420fec36ed31fdbc9f32dcc715ad73904fb903611b81c1c823f1a25276aebb5d"},"_wandb":{"runtime":0},"_runtime":0,"_step":1,"MAE":1.529234267844112,"RMSE":2.02676529074369}