{"MAE":1.4366993670886077,"Prediction Chart":{"_type":"image-file","sha256":"36858a668fb2397ff471d1437dfcec39bc43ab6b52c9636c7adce3b3ff85e33f","size":21918,"path":"media/images/Prediction Chart_1_36858a668fb2397ff471.png","format":"png","width":600,"height":600},"_wandb":{"runtime":0},"_runtime":0,"RMSE":1.898110894015682,"R2":0.8242957005228684,"_timestamp":1.7774408676277275e+09,"_step":1}