{"_runtime":0,"_timestamp":1.777440863902562e+09,"_step":1,"MAE":1.5314272229263404,"RMSE":2.01792431286477,"R2":0.8014138431764358,"Prediction Chart":{"format":"png","width":600,"height":600,"_type":"image-file","sha256":"cc85de400681e3edd576f302fce50000c701f420d820f9a7c17792fa384dd8b9","size":21706,"path":"media/images/Prediction Chart_1_cc85de400681e3edd576.png"},"_wandb":{"runtime":0}}